LastName,FemaleFirstName,MaleFirstName
Abbott,Aaliyah,Aaden
Acevedo,Abagail,Aarav
Acosta,Abbey,Aaron
Adams,Abbie,Abdiel
Adkins,Abbigail,Abdullah
Aguilar,Abby,Abel
Aguirre,Abigail,Abraham
Alexander,Abigayle,Abram
Ali,Abril,Ace
Allen,Ada,Adam
Allison,Adalyn,Adan
Alvarado,Adalynn,Addison
Alvarez,Addison,Aden
Andersen,Addisyn,Aditya
Anderson,Addyson,Adolfo
Andrade,Adelaide,Adonis
Andrews,Adeline,Adrian
Anthony,Adelyn,Adriel
Archer,Adison,Adrien
Arellano,Adriana,Aedan
Arias,Adrianna,Agustin
Armstrong,Adrienne,Ahmad
Arnold,Adyson,Ahmed
Arroyo,Aileen,Aidan
Ashley,Aimee,Aiden
Atkins,Ainsley,Aidyn
Atkinson,Aisha,Alan
Austin,Aiyana,Albert
Avery,Akira,Alberto
Avila,Alaina,Alden
Ayala,Alana,Aldo
Ayers,Alani,Alec
Bailey,Alanna,Alejandro
Baird,Alannah,Alessandro
Baker,Alayna,Alex
Baldwin,Aleah,Alexander
Ball,Aleena,Alexis
Ballard,Alejandra,Alexzander
Banks,Alena,Alfonso
Barajas,Alessandra,Alfred
Barber,Alexa,Alfredo
Barker,Alexandra,Ali
Barnes,Alexandria,Alijah
Barnett,Alexia,Allan
Barr,Alexis,Allen
Barrera,Alexus,Alonso
Barrett,Ali,Alonzo
Barron,Alia,Alvaro
Barry,Aliana,Alvin
Bartlett,Alice,Amare
Barton,Alicia,Amari
Bass,Alina,Amir
Bates,Alisa,Anderson
Bauer,Alisha,Andre
Bautista,Alison,Andreas
Baxter,Alissa,Andres
Bean,Alisson,Andrew
Beard,Alivia,Andy
Beasley,Aliya,Angel
Beck,Aliyah,Angelo
Becker,Aliza,Anthony
Bell,Allie,Antoine
Beltran,Allison,Anton
Bender,Allisson,Antonio
Benitez,Ally,Antony
Benjamin,Allyson,Antwan
Bennett,Alma,Ari
Benson,Alondra,Ariel
Bentley,Alyson,Arjun
Benton,Alyssa,Armando
Berg,Alyvia,Armani
Berger,Amanda,Arnav
Bernard,Amani,Aron
Berry,Amara,Arthur
Best,Amari,Arturo
Bird,Amaris,Aryan
Bishop,Amaya,Asa
Black,Amber,Asher
Blackburn,Amelia,Ashton
Blackwell,Amelie,Atticus
Blair,America,August
Blake,Amiah,Augustus
Blanchard,Amina,Austin
Blankenship,Amira,Avery
Blevins,Amirah,Axel
Bolton,Amiya,Ayaan
Bond,Amiyah,Aydan
Bonilla,Amy,Ayden
Booker,Amya,Aydin
Boone,Ana,Bailey
Booth,Anabel,Baron
Bowen,Anabella,Barrett
Bowers,Anabelle,Beau
Bowman,Anahi,Beckett
Boyd,Anastasia,Beckham
Boyer,Anaya,Ben
Boyle,Andrea,Benjamin
Bradford,Angel,Bennett
Bradley,Angela,Bentley
Bradshaw,Angelica,Bernard
Brady,Angelina,Billy
Branch,Angeline,Blaine
Brandt,Angelique,Blake
Braun,Angie,Blaze
Bray,Anika,Bo
Brennan,Aniya,Bobby
Brewer,Aniyah,Boston
Bridges,Ann,Braden
Briggs,Anna,Bradley
Bright,Annabel,Brady
Brock,Annabella,Bradyn
Brooks,Annabelle,Braeden
Brown,Annalise,Braedon
Browning,Anne,Braiden
Bruce,Annie,Branden
Bryan,Annika,Brandon
Bryant,Ansley,Branson
Buchanan,Anya,Braxton
Buck,April,Brayan
Buckley,Arabella,Brayden
Bullock,Araceli,Braydon
Burch,Aracely,Braylen
Burgess,Areli,Braylon
Burke,Arely,Brendan
Burnett,Aria,Brenden
Burns,Ariana,Brendon
Burton,Arianna,Brennan
Bush,Ariel,Brennen
Butler,Ariella,Brent
Byrd,Arielle,Brenton
Cabrera,Armani,Brett
Cain,Aryana,Brian
Calderon,Aryanna,Brice
Caldwell,Ashanti,Bridger
Calhoun,Ashlee,Brock
Callahan,Ashleigh,Broderick
Camacho,Ashley,Brodie
Cameron,Ashly,Brody
Campbell,Ashlyn,Brogan
Campos,Ashlynn,Bronson
Cannon,Ashtyn,Brooks
Cantrell,Asia,Bruce
Cantu,Aspen,Bruno
Cardenas,Athena,Bryan
Carey,Aubree,Bryant
Carlson,Aubrey,Bryce
Carney,Aubrie,Brycen
Carpenter,Audrey,Bryson
Carr,Audrina,Byron
Carrillo,Aurora,Cade
Carroll,Autumn,Caden
Carson,Ava,Cael
Carter,Avah,Caiden
Case,Averi,Cale
Casey,Averie,Caleb
Castaneda,Avery,Callum
Castillo,Ayana,Calvin
Castro,Ayanna,Camden
Cervantes,Ayla,Cameron
Chambers,Aylin,Camren
Chan,Azaria,Camron
Chandler,Azul,Camryn
Chaney,Bailee,Cannon
Chang,Bailey,Carl
Chapman,Barbara,Carlo
Charles,Baylee,Carlos
Chase,Beatrice,Carmelo
Chavez,Belen,Carsen
Chen,Belinda,Carson
Cherry,Bella,Carter
Choi,Bethany,Case
Christensen,Bianca,Casey
Christian,Braelyn,Cash
Chung,Breanna,Cason
Church,Brenda,Cassius
Cisneros,Brenna,Cayden
Clark,Bria,Cedric
Clarke,Briana,Cesar
Clay,Brianna,Chace
Clayton,Bridget,Chad
Clements,Brielle,Chaim
Cline,Briley,Chance
Cobb,Brisa,Chandler
Cochran,Britney,Charles
Coffey,Brittany,Charlie
Cohen,Brooke,Chase
Cole,Brooklyn,Chaz
Coleman,Brooklynn,Chris
Collier,Bryanna,Christian
Collins,Brylee,Christopher
Colon,Brynlee,Clarence
Combs,Brynn,Clark
Compton,Cadence,Clay
Conley,Cailyn,Clayton
Conner,Caitlin,Clinton
Conrad,Caitlyn,Coby
Contreras,Cali,Cody
Conway,Callie,Cohen
Cook,Cameron,Colby
Cooke,Camila,Cole
Cooley,Camilla,Coleman
Cooper,Camille,Colin
Copeland,Campbell,Collin
Cordova,Camryn,Colt
Cortez,Cara,Colten
Costa,Carina,Colton
Cowan,Carissa,Conner
Cox,Carla,Connor
Craig,Carlee,Conor
Crane,Carleigh,Conrad
Crawford,Carley,Cooper
Crosby,Carlie,Corbin
Cross,Carly,Cordell
Cruz,Carmen,Corey
Cuevas,Carolina,Cornelius
Cummings,Caroline,Cortez
Cunningham,Carolyn,Cory
Curry,Casey,Craig
Curtis,Cassandra,Cristian
Dalton,Cassidy,Cristofer
Daniel,Cassie,Cristopher
Daniels,Catalina,Cruz
Daugherty,Catherine,Cullen
Davenport,Caylee,Curtis
David,Cecelia,Cyrus
Davidson,Cecilia,Dakota
Davies,Celeste,Dale
Davila,Celia,Dallas
Davis,Chana,Dalton
Dawson,Chanel,Damari
Day,Charity,Damarion
Dean,Charlee,Damian
Decker,Charlie,Damien
Delacruz,Charlize,Damion
Deleon,Charlotte,Damon
Delgado,Chasity,Dane
Dennis,Chaya,Dangelo
Diaz,Chelsea,Daniel
Dickerson,Cherish,Danny
Dickson,Cheyanne,Dante
Dillon,Cheyenne,Darian
Dixon,Chloe,Darien
Dodson,Christina,Dario
Dominguez,Christine,Darion
Donaldson,Ciara,Darius
Donovan,Cierra,Darnell
Dorsey,Cindy,Darrell
Dougherty,Claire,Darren
Douglas,Clara,Darryl
Downs,Clare,Darwin
Doyle,Clarissa,Dashawn
Drake,Claudia,Davian
Duarte,Cloe,David
Dudley,Cora,Davin
Duffy,Corinne,Davion
Duke,Courtney,Davis
Duncan,Cristal,Davon
Dunlap,Cristina,Dawson
Dunn,Crystal,Dax
Duran,Cynthia,Dayton
Durham,Dahlia,Deacon
Dyer,Daisy,Dean
Eaton,Dakota,Deandre
Edwards,Dalia,Deangelo
Elliott,Damaris,Declan
Ellis,Dana,Deegan
Ellison,Dania,Demarcus
English,Danica,Demarion
Erickson,Daniela,Demetrius
Escobar,Daniella,Dennis
Esparza,Danielle,Denzel
Espinoza,Danika,Deon
Estes,Danna,Derek
Estrada,Daphne,Dereon
Evans,Dayami,Derick
Everett,Dayana,Derrick
Ewing,Dayanara,Deshawn
Farley,Deanna,Desmond
Farmer,Deborah,Devan
Farrell,Deja,Deven
Faulkner,Delaney,Devin
Ferguson,Delilah,Devon
Fernandez,Denise,Devyn
Ferrell,Denisse,Dexter
Fields,Desirae,Diego
Figueroa,Desiree,Dillan
Finley,Destinee,Dillon
Fischer,Destiney,Dominic
Fisher,Destiny,Dominick
Fitzgerald,Diamond,Dominik
Fitzpatrick,Diana,Dominique
Fleming,Dixie,Donald
Fletcher,Diya,Donavan
Flores,Dominique,Donovan
Flowers,Donna,Donte
Floyd,Dulce,Dorian
Flynn,Dylan,Douglas
Foley,Eden,Drake
Forbes,Edith,Draven
Ford,Eileen,Drew
Foster,Elaina,Duncan
Fowler,Elaine,Dustin
Fox,Eleanor,Dwayne
Francis,Elena,Dylan
Franco,Eliana,Ean
Frank,Elianna,Easton
Franklin,Elisa,Eddie
Frazier,Elisabeth,Eden
Frederick,Elise,Edgar
Freeman,Eliza,Eduardo
French,Elizabeth,Edward
Frey,Ella,Edwin
Friedman,Elle,Efrain
Fritz,Ellen,Eli
Frost,Elliana,Elian
Fry,Ellie,Elias
Frye,Elsa,Eliezer
Fuentes,Elsie,Elijah
Fuller,Elyse,Elisha
Gaines,Emelia,Elliot
Gallagher,Emely,Elliott
Gallegos,Emerson,Ellis
Galloway,Emery,Elvis
Galvan,Emilee,Emanuel
Gamble,Emilia,Emerson
Garcia,Emilie,Emery
Gardner,Emily,Emiliano
Garner,Emma,Emilio
Garrett,Emmalee,Emmanuel
Garrison,Emmy,Emmett
Garza,Erica,Enrique
Gates,Erika,Enzo
Gay,Erin,Eric
Gentry,Esmeralda,Erick
George,Esperanza,Erik
Gibbs,Essence,Ernest
Gibson,Esther,Ernesto
Gilbert,Estrella,Esteban
Giles,Eva,Ethan
Gill,Evangeline,Ethen
Gillespie,Eve,Eugene
Gilmore,Evelin,Evan
Glass,Evelyn,Everett
Glenn,Evie,Ezekiel
Glover,Faith,Ezequiel
Golden,Fatima,Ezra
Gomez,Felicity,Fabian
Gonzales,Fernanda,Felipe
Gonzalez,Finley,Felix
Good,Fiona,Fernando
Goodman,Frances,Finley
Goodwin,Francesca,Finn
Gordon,Frida,Finnegan
Gould,Gabriela,Fisher
Graham,Gabriella,Fletcher
Grant,Gabrielle,Francis
Graves,Gemma,Francisco
Gray,Genesis,Franco
Green,Genevieve,Frank
Greene,Georgia,Frankie
Greer,Gia,Franklin
Gregory,Giada,Freddy
Griffin,Giana,Frederick
Griffith,Gianna,Gabriel
Grimes,Gillian,Gael
Gross,Gina,Gage
Guerra,Giovanna,Gaige
Guerrero,Giselle,Garrett
Gutierrez,Gisselle,Gary
Guzman,Giuliana,Gauge
Haas,Gloria,Gaven
Hahn,Grace,Gavin
Hale,Gracelyn,Gavyn
Haley,Gracie,George
Hall,Greta,Geovanni
Hamilton,Gretchen,Gerald
Hammond,Guadalupe,Gerardo
Hampton,Gwendolyn,German
Hancock,Hadassah,Giancarlo
Haney,Hadley,Gianni
Hanna,Hailee,Gideon
Hansen,Hailey,Gilbert
Hanson,Hailie,Gilberto
Hardin,Haleigh,Giovani
Harding,Haley,Giovanni
Hardy,Halle,Giovanny
Harmon,Hallie,Glenn
Harper,Hana,Gordon
Harrell,Hanna,Grady
Harrington,Hannah,Graham
Harris,Harley,Grant
Harrison,Harmony,Grayson
Hart,Harper,Gregory
Hartman,Haven,Greyson
Harvey,Hayden,Griffin
Hatfield,Haylee,Guillermo
Hawkins,Hayley,Gunnar
Hayden,Haylie,Gunner
Hayes,Hazel,Gustavo
Haynes,Heather,Haiden
Hays,Heaven,Hamza
Heath,Heidi,Harley
Hebert,Heidy,Harold
Henderson,Helen,Harper
Hendricks,Helena,Harrison
Hendrix,Hillary,Harry
Henry,Holly,Hassan
Hensley,Hope,Hayden
Henson,Iliana,Heath
Herman,Imani,Hector
Hernandez,India,Henry
Herrera,Ingrid,Hezekiah
Herring,Ireland,Holden
Hess,Irene,Houston
Hester,Iris,Howard
Hickman,Isabel,Hudson
Hicks,Isabela,Hugh
Higgins,Isabell,Hugo
Hill,Isabella,Humberto
Hines,Isabelle,Hunter
Hinton,Isis,Ian
Ho,Isla,Ibrahim
Hobbs,Itzel,Ignacio
Hodge,Ivy,Immanuel
Hodges,Iyana,Irvin
Hoffman,Izabella,Isaac
Hogan,Izabelle,Isai
Holden,Jacey,Isaiah
Holder,Jacqueline,Isaias
Holland,Jacquelyn,Ishaan
Holloway,Jada,Isiah
Holmes,Jade,Ismael
Holt,Jaden,Israel
Hood,Jadyn,Issac
Hooper,Jaelyn,Ivan
Hoover,Jaelynn,Izaiah
Hopkins,Jaida,Izayah
Horn,Jaiden,Jabari
Horne,Jaidyn,Jace
Horton,Jakayla,Jack
House,Jaliyah,Jackson
Houston,Jamie,Jacob
Howard,Jamiya,Jacoby
Howe,Jamya,Jaden
Howell,Janae,Jadiel
Huang,Jane,Jadon
Hubbard,Janelle,Jadyn
Huber,Janessa,Jaeden
Hudson,Janet,Jagger
Huerta,Janiah,Jaiden
Huff,Janiya,Jaidyn
Huffman,Janiyah,Jaime
Hughes,Jaqueline,Jair
Hull,Jaslene,Jairo
Humphrey,Jaslyn,Jake
Hunt,Jasmin,Jakob
Hunter,Jasmine,Jakobe
Hurley,Jaycee,Jalen
Hurst,Jayda,Jamal
Hutchinson,Jayden,Jamar
Huynh,Jayla,Jamarcus
Ibarra,Jaylah,Jamari
Ingram,Jaylee,Jamarion
Irwin,Jayleen,James
Jackson,Jaylen,Jameson
Jacobs,Jaylene,Jamie
Jacobson,Jaylin,Jamir
James,Jaylyn,Jamison
Jarvis,Jaylynn,Jan
Jefferson,Jazlene,Jaquan
Jenkins,Jazlyn,Jared
Jennings,Jazlynn,Jaron
Jensen,Jazmin,Jarrett
Jimenez,Jazmine,Jase
Johns,Jazmyn,Jasiah
Johnson,Jenna,Jason
Johnston,Jennifer,Jasper
Jones,Jenny,Javier
Jordan,Jessica,Javion
Joseph,Jessie,Javon
Joyce,Jewel,Jax
Juarez,Jillian,Jaxon
Kaiser,Jimena,Jaxson
Kane,Joanna,Jay
Kaufman,Jocelyn,Jayce
Keith,Jocelynn,Jaydan
Keller,Johanna,Jayden
Kelley,Jolie,Jaydin
Kelly,Jordan,Jaydon
Kemp,Jordin,Jaylan
Kennedy,Jordyn,Jaylen
Kent,Joselyn,Jaylin
Kerr,Josephine,Jaylon
Key,Josie,Jayson
Khan,Joslyn,Jayvion
Kidd,Journey,Jayvon
Kim,Joy,Jean
King,Joyce,Jefferson
Kirby,Judith,Jeffery
Kirk,Julia,Jeffrey
Klein,Juliana,Jensen
Kline,Julianna,Jeramiah
Knapp,Julianne,Jeremiah
Knight,Julie,Jeremy
Knox,Juliet,Jerimiah
Koch,Juliette,Jermaine
Kramer,Julissa,Jerome
Krause,June,Jerry
Krueger,Justice,Jesse
Lam,Justine,Jessie
Lamb,Kadence,Jesus
Lambert,Kaelyn,Jett
Landry,Kaia,Jimmy
Lane,Kaila,Joaquin
Lang,Kailee,Joe
Lara,Kailey,Joel
Larsen,Kailyn,Joey
Larson,Kaitlin,Johan
Lawrence,Kaitlyn,John
Lawson,Kaitlynn,Johnathan
Le,Kaiya,Johnathon
Leach,Kaleigh,Johnny
Leblanc,Kaley,Jon
Lee,Kali,Jonah
Leon,Kaliyah,Jonas
Leonard,Kallie,Jonathan
Lester,Kamari,Jonathon
Levine,Kamila,Jordan
Levy,Kamora,Jorden
Lewis,Kamryn,Jordon
Li,Kara,Jordyn
Lin,Karen,Jorge
Lindsey,Karina,Jose
Little,Karissa,Joseph
Liu,Karla,Josh
Livingston,Karlee,Joshua
Lloyd,Karley,Josiah
Logan,Karli,Josue
Long,Karlie,Jovan
Lopez,Karly,Jovani
Love,Karma,Jovanni
Lowe,Karsyn,Jovanny
Lowery,Kasey,Jovany
Lozano,Kassandra,Juan
Lucas,Kassidy,Judah
Lucero,Kate,Jude
Luna,Katelyn,Julian
Lutz,Katelynn,Julien
Lynch,Katherine,Julio
Lynn,Kathleen,Julius
Lyons,Kathryn,Junior
Macdonald,Kathy,Justice
Macias,Katie,Justin
Mack,Katrina,Justus
Madden,Kaya,Kade
Maddox,Kayden,Kaden
Mahoney,Kaydence,Kadin
Maldonado,Kayla,Kadyn
Malone,Kaylah,Kaeden
Mann,Kaylee,Kael
Manning,Kayleigh,Kai
Marks,Kaylen,Kaiden
Marquez,Kayley,Kale
Marsh,Kaylie,Kaleb
Marshall,Kaylin,Kamari
Martin,Kaylyn,Kamden
Martinez,Kaylynn,Kameron
Mason,Keely,Kamren
Massey,Keira,Kamron
Mata,Kelly,Kane
Mathews,Kelsey,Kareem
Mathis,Kelsie,Karson
Matthews,Kendal,Karter
Maxwell,Kendall,Kasen
May,Kendra,Kasey
Mayer,Kenley,Kash
Maynard,Kenna,Kason
Mayo,Kennedi,Kayden
Mays,Kennedy,Keagan
Mcbride,Kenya,Keaton
Mccall,Kenzie,Keegan
Mccann,Keyla,Keenan
Mccarthy,Khloe,Keith
Mccarty,Kiana,Kellen
Mcclain,Kianna,Kelton
Mcclure,Kiara,Kelvin
Mcconnell,Kiera,Kendall
Mccormick,Kierra,Kendrick
Mccoy,Kiersten,Kenneth
Mccullough,Kiley,Kenny
Mcdaniel,Kimberly,Kenyon
Mcdonald,Kimora,Keon
Mcdowell,Kinley,Keshawn
Mcfarland,Kinsley,Kevin
Mcgee,Kira,Keyon
Mcgrath,Kirsten,Khalil
Mcguire,Krista,Kian
Mcintosh,Kristen,Kieran
Mcintyre,Kristin,Killian
Mckay,Kristina,King
Mckee,Krystal,Kingston
Mckenzie,Kyla,Kobe
Mckinney,Kylee,Kody
Mcknight,Kyleigh,Koen
Mclaughlin,Kylie,Kolby
Mclean,Kyra,Kole
Mcmahon,Lacey,Kolten
Mcmillan,Laci,Kolton
Mcneil,Laila,Konner
Mcpherson,Lailah,Konnor
Meadows,Lainey,Korbin
Medina,Lana,Krish
Mejia,Laney,Kristian
Melendez,Lara,Kristopher
Melton,Larissa,Kyan
Mendez,Laura,Kylan
Mendoza,Laurel,Kyle
Mercado,Lauren,Kyler
Mercer,Lauryn,Kymani
Merritt,Layla,Kyson
Meyer,Laylah,Lamar
Meyers,Lea,Lamont
Meza,Leah,Lance
Michael,Leanna,Landen
Middleton,Leia,Landin
Miles,Leila,Landon
Miller,Leilani,Landyn
Mills,Lena,Lane
Miranda,Leslie,Larry
Mitchell,Lesly,Lawrence
Molina,Leticia,Lawson
Monroe,Lexi,Layne
Montes,Lexie,Layton
Montgomery,Leyla,Leandro
Montoya,Lia,Lee
Moody,Liana,Leland
Moon,Libby,Lennon
Mooney,Liberty,Leo
Moore,Lila,Leon
Mora,Lilah,Leonard
Morales,Lilia,Leonardo
Moran,Lilian,Leonel
Moreno,Liliana,Leonidas
Morgan,Lilianna,Leroy
Morris,Lillian,Levi
Morrison,Lilliana,Lewis
Morrow,Lillianna,Liam
Morse,Lillie,Lincoln
Morton,Lilly,Logan
Moses,Lily,London
Mosley,Lilyana,Lorenzo
Moss,Lina,Louis
Moyer,Linda,Luca
Mueller,Lindsay,Lucas
Mullen,Lindsey,Lucian
Mullins,Lisa,Luciano
Munoz,Litzy,Luis
Murillo,Livia,Luka
Murphy,Lizbeth,Lukas
Murray,Lizeth,Luke
Myers,Logan,Lyric
Nash,Lola,Madden
Navarro,London,Maddox
Neal,Londyn,Makai
Nelson,Lorelai,Makhi
Newman,Lorelei,Malachi
Newton,Lorena,Malakai
Nguyen,Lucia,Malaki
Nichols,Luciana,Malcolm
Nicholson,Lucille,Malik
Nielsen,Lucy,Manuel
Nixon,Luna,Marc
Noble,Luz,Marcel
Nolan,Lydia,Marcelo
Norman,Lyla,Marco
Norris,Lyric,Marcos
Norton,Macey,Marcus
Novak,Maci,Mario
Nunez,Macie,Mark
Obrien,Mackenzie,Markus
Ochoa,Macy,Marley
Oconnell,Madalyn,Marlon
Oconnor,Madalynn,Marques
Odom,Maddison,Marquis
Odonnell,Madeleine,Marquise
Oliver,Madeline,Marshall
Olsen,Madelyn,Martin
Olson,Madelynn,Marvin
Oneal,Madilyn,Mason
Oneill,Madilynn,Mateo
Orozco,Madison,Mathew
Orr,Madisyn,Mathias
Ortega,Madyson,Matias
Ortiz,Maeve,Matteo
Osborn,Magdalena,Matthew
Osborne,Maggie,Matthias
Owen,Maia,Maurice
Owens,Makaila,Mauricio
Pace,Makayla,Maverick
Pacheco,Makena,Max
Padilla,Makenna,Maxim
Page,Makenzie,Maximilian
Palmer,Maleah,Maximillian
Park,Malia,Maximo
Parker,Maliyah,Maximus
Parks,Mallory,Maxwell
Parrish,Mara,Mekhi
Parsons,Mareli,Melvin
Patel,Marely,Memphis
Patrick,Maren,Messiah
Patterson,Margaret,Micah
Patton,Maria,Michael
Paul,Mariah,Micheal
Payne,Mariam,Miguel
Pearson,Mariana,Mike
Peck,Marianna,Miles
Pena,Maribel,Milo
Pennington,Marie,Milton
Perez,Mariela,Misael
Perkins,Marilyn,Mitchell
Perry,Marin,Mohamed
Peters,Marina,Mohammad
Petersen,Marisa,Mohammed
Peterson,Marisol,Moises
Petty,Marissa,Morgan
Pham,Maritza,Moses
Phelps,Mariyah,Moshe
Phillips,Marlee,Muhammad
Pierce,Marlene,Myles
Pineda,Marley,Nash
Pittman,Marlie,Nasir
Pitts,Martha,Nathan
Pollard,Mary,Nathanael
Ponce,Maryjane,Nathanial
Poole,Matilda,Nathaniel
Pope,Mattie,Nathen
Porter,Maya,Nehemiah
Potter,Mayra,Neil
Potts,Mckayla,Nelson
Powell,Mckenna,Nicholas
Powers,Mckenzie,Nick
Pratt,Mckinley,Nickolas
Preston,Meadow,Nico
Price,Megan,Nicolas
Prince,Meghan,Nigel
Proctor,Melanie,Nikhil
Pruitt,Melany,Niko
Pugh,Melina,Nikolai
Quinn,Melissa,Nikolas
Ramirez,Melody,Noah
Ramos,Mercedes,Noe
Ramsey,Meredith,Noel
Randall,Mia,Nolan
Randolph,Miah,Octavio
Rangel,Micaela,Odin
Rasmussen,Micah,Oliver
Ray,Michaela,Omar
Raymond,Michelle,Omari
Reed,Mikaela,Orion
Reese,Mikayla,Orlando
Reeves,Mila,Oscar
Reid,Milagros,Osvaldo
Reilly,Miley,Oswaldo
Reyes,Mina,Owen
Reynolds,Mira,Pablo
Rhodes,Miracle,Parker
Rice,Miranda,Patrick
Rich,Mireya,Paul
Richard,Miriam,Paxton
Richards,Miya,Payton
Richardson,Mollie,Pedro
Richmond,Molly,Peter
Riddle,Monica,Peyton
Riggs,Monique,Philip
Riley,Monserrat,Phillip
Rios,Morgan,Phoenix
Ritter,Moriah,Pierce
Rivas,Mya,Pierre
Rivera,Myah,Porter
Rivers,Myla,Pranav
Roach,Mylee,Preston
Robbins,Mylie,Prince
Roberson,Nadia,Quentin
Roberts,Naima,Quincy
Robertson,Nancy,Quinn
Robinson,Naomi,Quinten
Robles,Natalee,Quintin
Rocha,Natalia,Quinton
Rodgers,Natalie,Rafael
Rodriguez,Nataly,Raiden
Rogers,Natalya,Ralph
Rojas,Natasha,Ramiro
Rollins,Nathalia,Ramon
Roman,Nathalie,Randall
Romero,Nathaly,Randy
Rosales,Nayeli,Raphael
Rosario,Nevaeh,Rashad
Rose,Neveah,Raul
Ross,Nia,Ray
Roth,Nicole,Rayan
Rowe,Nina,Raymond
Rowland,Noelle,Reagan
Roy,Noemi,Reece
Rubio,Nola,Reed
Ruiz,Nora,Reese
Rush,Norah,Reginald
Russell,Nyasia,Reid
Russo,Nyla,Reilly
Ryan,Nylah,Remington
Salas,Olive,Rene
Salazar,Olivia,Reuben
Salinas,Paige,Rex
Sampson,Paisley,Rey
Sanchez,Paityn,Reynaldo
Sanders,Paloma,Rhett
Sandoval,Pamela,Rhys
Sanford,Paola,Ricardo
Santana,Paris,Richard
Santiago,Parker,Ricky
Santos,Patience,Rigoberto
Saunders,Patricia,Riley
Savage,Paula,Rishi
Sawyer,Paulina,River
Schaefer,Payten,Robert
Schmidt,Payton,Roberto
Schmitt,Penelope,Rocco
Schneider,Perla,Roderick
Schroeder,Peyton,Rodney
Schultz,Phoebe,Rodolfo
Schwartz,Phoenix,Rodrigo
Scott,Piper,Rogelio
Sellers,Precious,Roger
Serrano,Presley,Rohan
Sexton,Princess,Roland
Shaffer,Priscilla,Rolando
Shah,Quinn,Roman
Shannon,Rachael,Romeo
Sharp,Rachel,Ronald
Shaw,Raegan,Ronan
Shea,Raelynn,Ronin
Shelton,Raina,Ronnie
Shepard,Raquel,Rory
Shepherd,Raven,Ross
Sheppard,Rayna,Rowan
Sherman,Rayne,Roy
Shields,Reagan,Royce
Short,Rebecca,Ruben
Silva,Rebekah,Rudy
Simmons,Reese,Russell
Simon,Regan,Ryan
Simpson,Regina,Ryder
Sims,Reina,Ryker
Singh,Renee,Rylan
Singleton,Reyna,Ryland
Skinner,Rhianna,Rylee
Sloan,Rihanna,Sage
Small,Riley,Salvador
Smith,Riya,Salvatore
Snow,Rory,Sam
Snyder,Rosa,Samir
Solis,Rose,Sammy
Solomon,Roselyn,Samson
Sosa,Rosemary,Samuel
Soto,Rowan,Santiago
Sparks,Rubi,Santino
Spears,Ruby,Santos
Spence,Ruth,Saul
Spencer,Ryan,Savion
Stafford,Ryann,Sawyer
Stanley,Rylee,Scott
Stanton,Ryleigh,Seamus
Stark,Rylie,Sean
Steele,Sabrina,Sebastian
Stein,Sadie,Semaj
Stephens,Sage,Sergio
Stephenson,Saige,Seth
Stevens,Salma,Shamar
Stevenson,Samantha,Shane
Stewart,Samara,Shaun
Stokes,Sanaa,Shawn
Stone,Sanai,Sheldon
Stout,Sandra,Sidney
Strickland,Saniya,Silas
Strong,Saniyah,Simeon
Stuart,Sara,Simon
Suarez,Sarah,Sincere
Sullivan,Sarahi,Skylar
Summers,Sarai,Skyler
Sutton,Sariah,Slade
Swanson,Sasha,Solomon
Sweeney,Savanah,Sonny
Tanner,Savanna,Soren
Tapia,Savannah,Spencer
Tate,Scarlet,Stanley
Taylor,Scarlett,Stephen
Terrell,Selah,Sterling
Terry,Selena,Steve
Thomas,Selina,Steven
Thompson,Serena,Sullivan
Thornton,Serenity,Talan
Todd,Shania,Talon
Torres,Shaniya,Tanner
Townsend,Shannon,Tate
Tran,Sharon,Taylor
Travis,Shayla,Teagan
Trevino,Shaylee,Terrance
Trujillo,Shayna,Terrell
Tucker,Shea,Terrence
Turner,Shelby,Terry
Tyler,Sherlyn,Thaddeus
Underwood,Shiloh,Theodore
Valdez,Shirley,Thomas
Valencia,Shyann,Timothy
Valentine,Shyanne,Titus
Valenzuela,Shyla,Tobias
Vance,Sidney,Toby
Vang,Siena,Todd
Vargas,Sienna,Tomas
Vasquez,Sierra,Tommy
Vaughan,Simone,Tony
Vaughn,Skye,Trace
Vazquez,Skyla,Travis
Vega,Skylar,Trent
Velasquez,Skyler,Trenton
Velazquez,Sloane,Trevin
Velez,Sofia,Trevon
Villa,Sonia,Trevor
Villanueva,Sophia,Trey
Villarreal,Sophie,Tripp
Villegas,Stacy,Tristan
Vincent,Stella,Tristen
Wade,Stephanie,Tristian
Wagner,Stephany,Tristin
Walker,Summer,Triston
Wall,Susan,Troy
Wallace,Sydnee,Trystan
Waller,Sydney,Tucker
Walls,Sylvia,Turner
Walsh,Tabitha,Ty
Walter,Talia,Tyler
Walters,Taliyah,Tyree
Walton,Tamara,Tyrell
Wang,Tamia,Tyrese
Ward,Tania,Tyrone
Ware,Taniya,Tyshawn
Warner,Taniyah,Tyson
Warren,Tanya,Ulises
Washington,Tara,Uriah
Waters,Taryn,Uriel
Watkins,Tatiana,Urijah
Watson,Tatum,Valentin
Watts,Taylor,Valentino
Weaver,Teagan,Van
Webb,Teresa,Vance
Weber,Tess,Vaughn
Webster,Tessa,Vicente
Weeks,Thalia,Victor
Weiss,Theresa,Vincent
Welch,Tia,Wade
Wells,Tiana,Walker
Werner,Tianna,Walter
West,Tiara,Warren
Wheeler,Tiffany,Waylon
Whitaker,Tori,Wayne
White,Trinity,Wesley
Whitehead,Valentina,Weston
Whitney,Valeria,Will
Wiggins,Valerie,William
Wilcox,Valery,Willie
Wiley,Vanessa,Wilson
Wilkerson,Veronica,Winston
Wilkins,Victoria,Wyatt
Wilkinson,Violet,Xander
Williams,Virginia,Xavier
Williamson,Vivian,Xzavier
Willis,Viviana,Yadiel
Wilson,Wendy,Yael
Winters,Whitney,Yahir
Wise,Willow,Yair
Wolf,Ximena,Yandel
Wolfe,Xiomara,Yosef
Wong,Yadira,Yurem
Wood,Yamilet,Yusuf
Woodard,Yareli,Zachariah
Woods,Yaretzi,Zachary
Woodward,Yaritza,Zachery
Wright,Yasmin,Zack
Wu,Yasmine,Zackary
Wyatt,Yazmin,Zackery
Yang,Yesenia,Zaid
Yates,Yoselin,Zaiden
Yoder,Yuliana,Zain
York,Zaniyah,Zaire
Young,Zara,Zander
Yu,Zaria,Zane
Zamora,Zariah,Zavier
Zavala,Zion,Zayden
Zhang,Zoe,Zayne
Zimmerman,Zoey,Zechariah
Zuniga,Zoie,Zion